id,title,duration,url,published_date,description
1,The Cult of the Dead Stock.,1:04:59,https://www.youtube.com/watch?v=C5Bd6YxifCo,2024-09-28,"â–º Ad: ğŸ”’Remove your personal information from the web at: http://JoinDeleteMe.com/jamesjani and use code JAMESJANI for 20% off ğŸ™Œâ€

â–º Episode 1: https://youtu.be/7LPuXowifJ4

â–º  Become a Patron to continue supporting our work:
 https://www.patreon.com/jamesvj

ğŸ’»Where I began Learning How to Edit + Other Clases (Skillshare)
â–º https://skillshare.eqcm.net/Kr3Yn

ğŸ“¦ Video Editing Templates:
â–º  https://www.jamesjani.com/shop/

ğŸ“¹ My Equipment:
â–º https://www.jamesjani.com/resources/

ğŸ¶ Where I Get My Music:
â–ºEpidemic Sounds - https://www.epidemicsound.com/referral/5uqnji
â–º Artlist - https://artlist.io/artlist-70446/?artlist_aid=jjani_2322&utm_source=affiliate_p&utm_medium=jjani_2322&utm_campaign=jjani_2322

Stock footage & SFX:
â–º https://motionarray.com/?artlist_aid=jjani_2322&utm_source=affiliate_p&utm_medium=jjani_2322&utm_campaign=jjani_2322

ğŸ”§ Helpful tool for YouTubers (TubeBuddy):
â–º  https://www.tubebuddy.com/Jamesvj

ğŸ’¼ Job Opportunities: 
â–º https://jamesjani.notion.site/James-Jani-Hiring-Hub-b669861daa0b4b3bbe60b6515aab418b


***
Instagram: https://www.instagram.com/james.v.j
Twitter: https://x.com/jamesvjani

******
All materials in these videos are used for educational purposes and fall within the guidelines of fair use. No copyright infringement is intended. If you are or represent the copyright owner of materials used in this video and have a problem with the use of said material, please contact me via my email in the ""about"" page on my channel.


AFFILIATE DISCLOSURE: there may be a few links in this description that, at no cost to you, will earn me a commission if you choose to click them and make a purchase ğŸ™‚"
2,The Dark World of Megachurches,0:32:16,https://www.youtube.com/watch?v=hTfKpAWkgJY,2022-02-27,"Megachurches, Televangelists, and the Prosperity Gospel... those were things that I had never heard of before... until I stumbled across an infamous interview with Kenneth Copeland by Lisa Guerrero  from Inside Edition.

What ensued after was a dive into rabbit hole unlike any other, from corrupt preachers, to lavish lifestyles, to claims of miracle healings, to cult-ish followings, and New Age/New Thought concepts. This... is the dark world of Megachurches. 


******
â–º  Become a Patron for behind the scenes, Q&A's, and editing tutorials: https://www.patreon.com/jamesvj

ğŸ’»Where I began Learning How to Edit + Other Clases (Skillshare)
â–º https://skillshare.eqcm.net/Kr3Yn

ğŸ“¦ Download my Video Editing Templates:
â–º  https://www.jamesjani.com/shop/

ğŸ“¹ My Equipment:
â–ºhttps://bit.ly/2OfHCTO

ğŸ¶ Where I Get My Music:
â–ºEpidemic Sounds - https://www.epidemicsound.com/referral/5uqnji
â–º Artlist - https://artlist.io/artlist-70446/?artlist_aid=jjani_2322&utm_source=affiliate_p&utm_medium=jjani_2322&utm_campaign=jjani_2322

Stock footage & SFX:
â–º https://motionarray.com/?artlist_aid=jjani_2322&utm_source=affiliate_p&utm_medium=jjani_2322&utm_campaign=jjani_2322

ğŸ”§ Helpful tool for YouTubers (TubeBuddy):
â–º  https://www.tubebuddy.com/Jamesvj

ğŸ’¼ Job Opportunities: 
â–º https://jamesjani.notion.site/James-Jani-Hiring-Hub-b669861daa0b4b3bbe60b6515aab418b


***
ğ—Ÿğ—˜ğ—§'ğ—¦ ğ—–ğ—¢ğ—¡ğ—¡ğ—˜ğ—–ğ—§:
ğŸ“¸ IG: james.v.j // https://bit.ly/2TOaBBC
ğŸ¦ Twitter: @jamesvjani // https://bit.ly/2zYPrsT

Video explaining how I burnt out + how I recovered: https://www.instagram.com/p/CaiDIvNJrzN/

******
All materials in these videos are used for educational purposes and fall within the guidelines of fair use. No copyright infringement is intended. If you are or represent the copyright owner of materials used in this video and have a problem with the use of said material, please contact me via my email in the ""about"" page on my channel.


AFFILIATE DISCLOSURE: there may be a few links in this description that, at no cost to you, will earn me a commission if you choose to click them and make a purchase ğŸ™‚
Donâ€™t worry â€“ I only ever promote things that have genuinely helped me."
3,The GameStop Cult: An Untold Story,0:57:47,https://www.youtube.com/watch?v=7LPuXowifJ4,2024-09-25,"â–º Go to https://ground.news/james to see through media bias, verify the source of your news and stay fully informed. Subscribe through my link for 40% off unlimitedÂ access.

â–º Episode 2: https://youtu.be/C5Bd6YxifCo. 


******
â–º  Become a Patron to continue supporting our work:
 https://www.patreon.com/jamesvj

ğŸ’»Where I began Learning How to Edit + Other Clases (Skillshare)
â–º https://skillshare.eqcm.net/Kr3Yn

ğŸ“¦ Download my Video Editing Templates:
â–º  https://www.jamesjani.com/shop/

ğŸ“¹ My Equipment:
â–º https://www.jamesjani.com/resources/

ğŸ¶ Where I Get My Music:
â–ºEpidemic Sounds - https://www.epidemicsound.com/referral/5uqnji
â–º Artlist - https://artlist.io/artlist-70446/?artlist_aid=jjani_2322&utm_source=affiliate_p&utm_medium=jjani_2322&utm_campaign=jjani_2322

Stock footage & SFX:
â–º https://motionarray.com/?artlist_aid=jjani_2322&utm_source=affiliate_p&utm_medium=jjani_2322&utm_campaign=jjani_2322

ğŸ”§ Helpful tool for YouTubers (TubeBuddy):
â–º  https://www.tubebuddy.com/Jamesvj

ğŸ’¼ Job Opportunities: 
â–º https://jamesjani.notion.site/James-Jani-Hiring-Hub-b669861daa0b4b3bbe60b6515aab418b


***
Let's Connect:
ğŸ“¸ IG: james.v.j // https://bit.ly/2TOaBBC
ğŸ¦ Twitter: @jamesvjani // https://bit.ly/2zYPrsT



******
All materials in these videos are used for educational purposes and fall within the guidelines of fair use. No copyright infringement is intended. If you are or represent the copyright owner of materials used in this video and have a problem with the use of said material, please contact me via my email in the ""about"" page on my channel.


AFFILIATE DISCLOSURE: there may be a few links in this description that, at no cost to you, will earn me a commission if you choose to click them and make a purchase ğŸ™‚

******
Over the course of many months, we've gotten to know one of the most interesting communities on the internet - one focussed on large-scale global corruption, an opportunity for immense wealth, and the importance of one man...

While some of its members believe they could change the world, critics view them as a cult, damaging not only their own lives but those of their families and loved ones. 

At the centre of it all? One unremarkable retail store. 

In our most ambitious project yet, I've spoken to participants, critics, and experts in an attempt to answer one question: what is going onÂ withÂ GameStop?"
4,I Confronted the YouTube Comment Scammers.,0:13:30,https://www.youtube.com/watch?v=ypYQKlyoHwU,2021-07-05,"â–º  Become a Patron for more behind the scenes, Q&A's, and editing tutorials: https://www.patreon.com/jamesvj

YouTube currently has a problem with scammer bot comments appearing on countless amounts of channels, especially those in the investing and finance niche. 

And unfortunately, we've been the target of these scammers too. So, I decided to do some investigating and confront my scammers/imposters face-to-face. 


******
â–º  Become a Patron for behind the scenes, Q&A's, and editing tutorials: https://www.patreon.com/jamesvj

ğŸ’»Where I began Learning How to Edit + Other Clases (Skillshare)
â–º https://skillshare.eqcm.net/Kr3Yn

ğŸ“¦ Download my Video Editing Templates:
â–º  https://www.jamesjani.com/shop/

ğŸ“¹ My Equipment:
â–ºhttps://bit.ly/2OfHCTO

ğŸ¶ Where I Get My Music:
â–ºEpidemic Sounds - https://www.epidemicsound.com/referral/5uqnji

ğŸ”§ Helpful tool for YouTubers (TubeBuddy):
â–º  https://www.tubebuddy.com/Jamesvj

ğŸ’¼ Job Opportunities: 
â–º https://jamesjani.notion.site/James-Jani-Hiring-Hub-b669861daa0b4b3bbe60b6515aab418b


***
ğ—Ÿğ—˜ğ—§'ğ—¦ ğ—–ğ—¢ğ—¡ğ—¡ğ—˜ğ—–ğ—§:
ğŸ“¸ IG: james.v.j // https://bit.ly/2TOaBBC
ğŸ¦ Twitter: @jamesvjani // https://bit.ly/2zYPrsT


******
All materials in these videos are used for educational purposes and fall within the guidelines of fair use. No copyright infringement is intended. If you are or represent the copyright owner of materials used in this video and have a problem with the use of said material, please contact me via my email in the ""about"" page on my channel.


AFFILIATE DISCLOSURE: there may be a few links in this description that, at no cost to you, will earn me a commission if you choose to click them and make a purchase ğŸ™‚
Donâ€™t worry â€“ I only ever promote things that have genuinely helped me."
5,Get Rich Quick Gurus: The Truth.,0:17:43,https://www.youtube.com/watch?v=fJx_SZnpZpw,2021-07-29,"â–º Go to https://NordVPN.com/jamesjani and use code JAMESJANI to get a 2-year plan
at a huge discount plus a free bonus. Itâ€™s risk free with Nordâ€™s 30 day money-back
guarantee!

""Get Rich Quick Gurus"" are nothing new, my video ""The Rise of Fake Gurus"" took a dive into some of the modern-day examples of these schemes and individuals, but in today's video we're going to take a look into the history and tactics commonly found throughout Get Rich Quick Schemes, and more importantly: why they work.


******
â–º  Become a Patron for behind the scenes, Q&A's, and editing tutorials: https://www.patreon.com/jamesvj

ğŸ’»Where I began Learning How to Edit + Other Clases (Skillshare)
â–º https://skillshare.eqcm.net/Kr3Yn

ğŸ“¦ Download my Video Editing Templates:
â–º  https://www.jamesjani.com/shop/

ğŸ“¹ My Equipment:
â–ºhttps://bit.ly/2OfHCTO

ğŸ¶ Where I Get My Music:
â–ºEpidemic Sounds - https://www.epidemicsound.com/referral/5uqnji

ğŸ”§ Helpful tool for YouTubers (TubeBuddy):
â–º  https://www.tubebuddy.com/Jamesvj

ğŸ’¼ Job Opportunities: 
â–º https://jamesjani.notion.site/James-Jani-Hiring-Hub-b669861daa0b4b3bbe60b6515aab418b


***
ğ—Ÿğ—˜ğ—§'ğ—¦ ğ—–ğ—¢ğ—¡ğ—¡ğ—˜ğ—–ğ—§:
ğŸ“¸ IG: james.v.j // https://bit.ly/2TOaBBC
ğŸ¦ Twitter: @jamesvjani // https://bit.ly/2zYPrsT


******
All materials in these videos are used for educational purposes and fall within the guidelines of fair use. No copyright infringement is intended. If you are or represent the copyright owner of materials used in this video and have a problem with the use of said material, please contact me via my email in the ""about"" page on my channel.


AFFILIATE DISCLOSURE: there may be a few links in this description that, at no cost to you, will earn me a commission if you choose to click them and make a purchase ğŸ™‚
Donâ€™t worry â€“ I only ever promote things that have genuinely helped me."
6,The Stock Market & Investing: An Ultimate Guide.,0:18:09,https://www.youtube.com/watch?v=_MeZt4LBnCE,2021-03-30,"â–º Go to https://www.nordvpn.com/jamesjani and use code JAMESJANI to get a 2-year plan plus 1 additional month with a huge discount. 

You hear about the stock market and investing all the time, but let's actually dive into the world of stocks and understand exactly what they are, how to invest in them, and how lucrative the stock market actually is. 

(Sources/Visuals - https://bit.ly/3cCfO8R)

******
â–º  Become a Patron for behind the scenes, Q&A's, and editing tutorials: https://www.patreon.com/jamesvj

ğŸ’»Where I began Learning How to Edit + Other Clases (Skillshare)
â–º https://skillshare.eqcm.net/Kr3Yn

ğŸ“¦ Download my Video Editing Templates:
â–º  https://www.jamesjani.com/shop/

ğŸ“¹ My Equipment:
â–ºhttps://bit.ly/2OfHCTO

ğŸ¶ Where I Get My Music:
â–ºEpidemic Sounds - https://www.epidemicsound.com/referral/5uqnji

ğŸ”§ Helpful tool for YouTubers (TubeBuddy):
â–º  https://www.tubebuddy.com/Jamesvj

ğŸ’¼ Job Opportunities: 
â–º https://jamesjani.notion.site/James-Jani-Hiring-Hub-b669861daa0b4b3bbe60b6515aab418b


***
ğ—Ÿğ—˜ğ—§'ğ—¦ ğ—–ğ—¢ğ—¡ğ—¡ğ—˜ğ—–ğ—§:
ğŸ“¸ IG: james.v.j // https://bit.ly/2TOaBBC
ğŸ¦ Twitter: @jamesvjani // https://bit.ly/2zYPrsT



******
Investing in the stock market is perhaps one of the easiest investments someone could begin making. 

As opposed to something like real estate, shares are far more liquid and don't require a lot of capital to begin investing in them. But that begs a few questions: what exactly are stocks? How does one begin investing in stocks? And how much money can you truly expect to make from the stock market? 

In this video, we take a look at what the stock market really is, how it works, and some of the common investment advice out there (DISCLAIMER: this is not financial advice - but more of a look at what is commonly taught in personal finance!). 

We'll cover why somebody would decide to sell shares in their company in the first place, what an IPO is, how stock exchanges work, what an order for a share looks like,  as well as some of the different order types that exist. We'll also cover the difference between long-term investing, and short-term investing, what indexes are, as well as how to invest in them through Exchange-Traded Funds (ETFs), and Index Funds. 

There's also an important warning in the final chapter of this video where we take a look at how the market has been doing overall, and why we're seeing so many people make insane claims about the returns one can expect from the stock market, and whether or not this is typical. 



******
All materials in these videos are used for educational purposes and fall within the guidelines of fair use. No copyright infringement is intended. If you are or represent the copyright owner of materials used in this video and have a problem with the use of said material, please contact me via my email in the ""about"" page on my channel.


AFFILIATE DISCLOSURE: there may be a few links in this description that, at no cost to you, will earn me a commission if you choose to click them and make a purchase ğŸ™‚
Donâ€™t worry â€“ I only ever promote things that have genuinely helped me.

******
Prologue - 00:00
The Market - 1:13
The Mechanics - 3:44
The Investor - 9:39
A Warning - 14:38
Conclusion - 16:45"
7,Crypto: The Worldâ€™s Greatest Scam.,0:54:18,https://www.youtube.com/watch?v=ORdWE_ffirg,2023-01-01,"Bitcoin to Blockchains, to NFTs, to Web 3.0... it's time to find out if it's really all the hype or just part of one of the greatest scams in human history.


******
â–º  Become a Patron for behind the scenes, Q&A's, and editing tutorials: https://www.patreon.com/jamesvj

ğŸ’»Where I began Learning How to Edit + Other Clases (Skillshare)
â–º https://skillshare.eqcm.net/Kr3Yn

ğŸ“¦ Download my Video Editing Templates:
â–º  https://www.jamesjani.com/shop/

ğŸ“¹ My Equipment:
â–º https://www.jamesjani.com/resources/

ğŸ¶ Where I Get My Music:
â–ºEpidemic Sounds - https://www.epidemicsound.com/referral/5uqnji
â–º Artlist - https://artlist.io/artlist-70446/?artlist_aid=jjani_2322&utm_source=affiliate_p&utm_medium=jjani_2322&utm_campaign=jjani_2322

Stock footage & SFX:
â–º https://motionarray.com/?artlist_aid=jjani_2322&utm_source=affiliate_p&utm_medium=jjani_2322&utm_campaign=jjani_2322

ğŸ”§ Helpful tool for YouTubers (TubeBuddy):
â–º  https://www.tubebuddy.com/Jamesvj

ğŸ’¼ Job Opportunities: 
â–º https://jamesjani.notion.site/James-Jani-Hiring-Hub-b669861daa0b4b3bbe60b6515aab418b


***
Let's Connect:
ğŸ“¸ IG: james.v.j // https://bit.ly/2TOaBBC
ğŸ¦ Twitter: @jamesvjani // https://bit.ly/2zYPrsT



******
All materials in these videos are used for educational purposes and fall within the guidelines of fair use. No copyright infringement is intended. If you are or represent the copyright owner of materials used in this video and have a problem with the use of said material, please contact me via my email in the ""about"" page on my channel.


AFFILIATE DISCLOSURE: there may be a few links in this description that, at no cost to you, will earn me a commission if you choose to click them and make a purchase ğŸ™‚"
8,The Insane World of Bitcoin.,0:20:37,https://www.youtube.com/watch?v=brABoguf7uc,2021-06-17,"â–º  Become a Patron for more behind the scenes, Q&A's, and editing tutorials: https://www.patreon.com/jamesvj

â–º Part 1 of the series: https://youtu.be/4ByO8ym-iF8

The insane world of Bitcoin and cryptocurrencies has only become more complex and intriguing with time. But underlying the hype are serious problems and questions that are important to understand, especially if Bitcoin were to gain mass adoption...


******
â–º  Become a Patron for behind the scenes, Q&A's, and editing tutorials: https://www.patreon.com/jamesvj

ğŸ’»Where I began Learning How to Edit + Other Clases (Skillshare)
â–º https://skillshare.eqcm.net/Kr3Yn

ğŸ“¦ Download my Video Editing Templates:
â–º  https://www.jamesjani.com/shop/

ğŸ“¹ My Equipment:
â–ºhttps://bit.ly/2OfHCTO

ğŸ¶ Where I Get My Music:
â–ºEpidemic Sounds - https://www.epidemicsound.com/referral/5uqnji

ğŸ”§ Helpful tool for YouTubers (TubeBuddy):
â–º  https://www.tubebuddy.com/Jamesvj

ğŸ’¼ Job Opportunities: 
â–º https://jamesjani.notion.site/James-Jani-Hiring-Hub-b669861daa0b4b3bbe60b6515aab418b

***
ğ—Ÿğ—˜ğ—§'ğ—¦ ğ—–ğ—¢ğ—¡ğ—¡ğ—˜ğ—–ğ—§:
ğŸ“¸ IG: james.v.j // https://bit.ly/2TOaBBC
ğŸ¦ Twitter: @jamesvjani // https://bit.ly/2zYPrsT



******

Bitcoin first began when a white paper titled â€œBitcoin: A Peer-to-Peer Electronic Cash Systemâ€ began to circulate on a cryptography mailing list. 

The white paper was signed by an individual going by the pseudonym of Satoshi Nakamoto. And to this date, Nakamotoâ€™s identity has still not been entirely confirmed. 

In 2009, Satoshi Nakamoto â€œminedâ€ the very first block on the Bitcoin blockchain and set into motion a series of events that would lead to the cryptocurrencyâ€™s current fame and status. 

But I know what you might be thinking:

What even is Bitcoin? What is blockchain? What is â€œminingâ€? What is a cryptocurrency? Why was Bitcoin even created? Does Bitcoin even have any value? And how could this â€œBitcoinâ€ be worth tens of thousands of dollars? Is it all just a massive scam? 

In the first part of the series, we covered how Bitcoin ""works"" and what blockchain technology is, as well as looking at an overview of Bitcoin's history. In this second part, however, we will take a look at the problems and underlying issues Bitcoin faces, as well as addressing the Tether conspiracy that could prove to be one of the biggest hits to Bitcoin's value in time. 



******
All materials in these videos are used for educational purposes and fall within the guidelines of fair use. No copyright infringement is intended. If you are or represent the copyright owner of materials used in this video and have a problem with the use of said material, please contact me via my email in the ""about"" page on my channel.


AFFILIATE DISCLOSURE: there may be a few links in this description that, at no cost to you, will earn me a commission if you choose to click them and make a purchase ğŸ™‚
Donâ€™t worry â€“ I only ever promote things that have genuinely helped me.

******
Prologue - 00:00
Chapter I: Intrinsic Value â€“ 1:36
Chapter II:  The Bitcoin Problem â€“ 5:43
Chapter III: Whales & Manipulation â€“ 11:36
Chapter IV: The Crypto Wild West - 14:50
Conclusion - 19:40"
9,"Bitcoin: The Future, or World's Greatest Scam?",0:20:22,https://www.youtube.com/watch?v=4ByO8ym-iF8,2021-05-10,"â–ºThis video was sponsored by Skillshare. The first 1000 people to use the link will get a free trial of Skillshare Premium Membership: https://skillshare.eqcm.net/Kr3Yn

In April 2021 a single Bitcoin was worth over $60,000. But is Bitcoin the future? Or just one giant elaborate scamâ€¦? 

Itâ€™s time we investigate Bitcoin, and the rise of cryptocurrencies. 

â–º Part 2 of the series: [https://youtu.be/brABoguf7uc]


******
â–º  Become a Patron for behind the scenes, Q&A's, and editing tutorials: https://www.patreon.com/jamesvj

ğŸ’»Where I began Learning How to Edit + Other Clases (Skillshare)
â–º https://skillshare.eqcm.net/Kr3Yn

ğŸ“¦ Download my Video Editing Templates:
â–º  https://www.jamesjani.com/shop/

ğŸ“¹ My Equipment:
â–ºhttps://bit.ly/2OfHCTO

ğŸ¶ Where I Get My Music:
â–ºEpidemic Sounds - https://www.epidemicsound.com/referral/5uqnji

ğŸ”§ Helpful tool for YouTubers (TubeBuddy):
â–º  https://www.tubebuddy.com/Jamesvj

ğŸ’¼ Job Opportunities: 
â–º https://jamesjani.notion.site/James-Jani-Hiring-Hub-b669861daa0b4b3bbe60b6515aab418b

***
ğ—Ÿğ—˜ğ—§'ğ—¦ ğ—–ğ—¢ğ—¡ğ—¡ğ—˜ğ—–ğ—§:
ğŸ“¸ IG: james.v.j // https://bit.ly/2TOaBBC
ğŸ¦ Twitter: @jamesvjani // https://bit.ly/2zYPrsT



******

Bitcoin first began when a white paper titled â€œBitcoin: A Peer-to-Peer Electronic Cash Systemâ€ began to circulate on a cryptography mailing list. 

The white paper was signed by an individual going by the pseudonym of Satoshi Nakamoto. And to this date, Nakamotoâ€™s identity has still not been entirely confirmed. 
In 2009, Satoshi Nakamoto â€œminedâ€ the very first block on the Bitcoin blockchain and set into motion a series of events that would lead to the cryptocurrencyâ€™s current fame and status. 

But I know what you might be thinking:

What even is Bitcoin? What is blockchain? What is â€œminingâ€? What is a cryptocurrency? Why was Bitcoin even created? Does Bitcoin even have any value? And how could this â€œBitcoinâ€ be worth tens of thousands of dollars? Is it all just a massive scam? 

The debate surrounding Bitcoin is vast, and thereâ€™s no shortage of opinions on the subject. In this series weâ€™ll attempt to dissect the history and motivations behind the cryptocurrencyâ€™s creation, as well as the big debate on the topic.

Weâ€™ll try to answer the question of whether Bitcoin truly is worth something, or whether the investments that have been put into Bitcoin are nothing but pure speculation.

In this first part we will also dive into the technicalities of what â€œblockchain technologyâ€ actually is, how it works, and why itâ€™s so important.  

If youâ€™ve heard of an â€œNFTâ€ then this will also be very important in understanding they are as well. NFTâ€™s are also operating on â€œblockchainâ€ technology.

I would also recommend watching 3brown1blueâ€™s video on the subject: https://youtu.be/bBC-nXj3Ng4

This series isnâ€™t going to focus too much on the investment side of Bitcoin â€“ whilst that still plays a role in the story, weâ€™re more focused on the motivations and the debate on the topic. 

However, I do believe that by understanding WHAT you are investing in, you shape yourself up for a much better financial decision than just blindly following FOMO and potentially risking your hard-earned money. 

******
All materials in these videos are used for educational purposes and fall within the guidelines of fair use. No copyright infringement is intended. If you are or represent the copyright owner of materials used in this video and have a problem with the use of said material, please contact me via my email in the ""about"" page on my channel.


AFFILIATE DISCLOSURE: there may be a few links in this description that, at no cost to you, will earn me a commission if you choose to click them and make a purchase ğŸ™‚
Donâ€™t worry â€“ I only ever promote things that have genuinely helped me.

******
Prologue - 00:00
Chapter I: In Fiat We Trust â€“ 2:16
Chapter II:  Magic Internet Money â€“ 7:01
Chapter III: The Impossible Rise â€“ 11:35
Chapter IV: Institutions - 17:16
Conclusion - 19:17"
10,The Fake Genius: a $30 BILLION Fraud.,1:04:56,https://www.youtube.com/watch?v=w3EYKuFGJ5c,2023-09-01,"â–º Go to https://ntn.so/jamesjani to get Notion FREE & Notion AI for only $10/mnth.

Sam Bankman-Fried (SBF) was supposed to be a billionaire genius running the world's largest Crypto exchange: FTX. In only a few weeks, his $32B empire crumbled, leading to his arrest. In this video, we unravel one of the decade's most significant cases of financial fraud. 

[Credits]
Director: James Jani. 
Creative Producer: Ayaz Ali.
Editors: James Jani, @feds.vids.
Motion Graphics: Santiago Garcia Ferreyra, Merce Garcia Ferreyra, Nick M, Michael Tantoro, Daniela Varon.
Research: Danny Hatcher, James Jani.  


******
â–º  Become a Patron for behind the scenes, Q&A's, and editing tutorials: https://www.patreon.com/jamesvj

ğŸ’»Where I began Learning How to Edit + Other Clases (Skillshare)
â–º https://skillshare.eqcm.net/Kr3Yn

ğŸ“¦ Download my Video Editing Templates:
â–º  https://www.jamesjani.com/shop/

ğŸ“¹ My Equipment:
â–º https://www.jamesjani.com/resources/

ğŸ¶ Where I Get My Music:
â–ºEpidemic Sounds - https://www.epidemicsound.com/referral/5uqnji
â–º Artlist - https://artlist.io/artlist-70446/?artlist_aid=jjani_2322&utm_source=affiliate_p&utm_medium=jjani_2322&utm_campaign=jjani_2322

Stock footage & SFX:
â–º https://motionarray.com/?artlist_aid=jjani_2322&utm_source=affiliate_p&utm_medium=jjani_2322&utm_campaign=jjani_2322

ğŸ”§ Helpful tool for YouTubers (TubeBuddy):
â–º  https://www.tubebuddy.com/Jamesvj

ğŸ’¼ Job Opportunities: 
â–º https://jamesjani.notion.site/James-Jani-Hiring-Hub-b669861daa0b4b3bbe60b6515aab418b


***
Let's Connect:
ğŸ“¸ IG: james.v.j // https://bit.ly/2TOaBBC
ğŸ¦ Twitter: @jamesvjani // https://bit.ly/2zYPrsT



******
All materials in these videos are used for educational purposes and fall within the guidelines of fair use. No copyright infringement is intended. If you are or represent the copyright owner of materials used in this video and have a problem with the use of said material, please contact me via my email in the ""about"" page on my channel.


AFFILIATE DISCLOSURE: there may be a few links in this description that, at no cost to you, will earn me a commission if you choose to click them and make a purchase ğŸ™‚


K. Armndrz"
11,The Dark World of New Age Gurus | Documentary.,0:36:50,https://www.youtube.com/watch?v=yyktccr5apU,2021-03-06,"New Age and Law of Attraction gurus have been on the rise since Rhonda Byrne released her 2006 film, The Secret.

But there is a sinister industry and reality that lies behind the teachings of New Thought which seemingly goes unnoticed.

â–º Part 1 of the series: https://youtu.be/OHz4slbIRyE

(Sources/Visuals - https://drive.google.com/file/d/13M239niG_eIq2WY7S-vy4j8_D9uxFLAu/view?usp=sharing)

******
â–º  Become a Patron for behind the scenes, Q&A's, and editing tutorials: https://www.patreon.com/jamesvj

ğŸ’»Where I began Learning How to Edit + Other Clases (Skillshare)
â–º https://skillshare.eqcm.net/Kr3Yn

ğŸ“¦ Download my Video Editing Templates:
â–º  https://www.jamesjani.com/shop/

ğŸ“¹ My Equipment:
â–ºhttps://bit.ly/2OfHCTO

ğŸ¶ Where I Get My Music:
â–ºEpidemic Sounds - https://www.epidemicsound.com/referral/5uqnji

ğŸ”§ Helpful tool for YouTubers (TubeBuddy):
â–º  https://www.tubebuddy.com/Jamesvj

ğŸ’¼ Job Opportunities: 
â–º https://jamesjani.notion.site/James-Jani-Hiring-Hub-b669861daa0b4b3bbe60b6515aab418b

***
ğ—Ÿğ—˜ğ—§'ğ—¦ ğ—–ğ—¢ğ—¡ğ—¡ğ—˜ğ—–ğ—§:
ğŸ“¸ IG: james.v.j // https://bit.ly/2TOaBBC
ğŸ¦ Twitter: @jamesvjani // https://bit.ly/2zYPrsT



******
Rhonda Byrne's Film, ""The Secret"" popularised the ""Law of Attraction"" greatly, and has allowed this philosophy/belief to permeate in the mainstream for a very long time. 

But the history that lies behind ""The Secret"" is one that has its roots all the way back to the 1800s, where the New Thought Movement began taking strides, as well as other New Age beliefs. 

In this video, we take a dive into that history, and the sinister industry that his been built up around it. We'll take a look at some of the most influential figures in New Thought throughout the past, to present day. Figures like Napoleon Hill (author of ""Think and Grow Rich"", and ""The Law of Success""), Esther/Abraham Hicks (Author of ""The Law of Attraction"" and various other works), Bob Proctor, Rhonda Byrne, and others. 

We will also identify just how  New Age Spirituality has allowed itself to become a perfect grift, for gurus with questionable intentions to enter the space and take advantage of those in a more vulnerable and desperate situation. Those who are in desperate need of wealth, those who are in desperate need for relationships, health, happiness, etc etc. 

New Age/New Thought exists in many areas of the self-help industry too, and although hard to initially spot, once someone familiarises themselves with the teachings of New Thought and the overall philosophy it isn't hard to begin seeing the patterns. 

We will also explore the connections between New Age gurus and Multi Level Marketing companies. A connection that seems very prevalent within many of the big figures in this industry. 


******
All materials in these videos are used for educational purposes and fall within the guidelines of fair use. No copyright infringement is intended. If you are or represent the copyright owner of materials used in this video and have a problem with the use of said material, please contact me via my email in the ""about"" page on my channel.


AFFILIATE DISCLOSURE: there may be a few links in this description that, at no cost to you, will earn me a commission if you choose to click them and make a purchase ğŸ™‚
Donâ€™t worry â€“ I only ever promote things that have genuinely helped me.

******
Prologue - 00:00
A Secret - 3:03
New Thought - 6:58
Napoleon Hill - 9:40
Esther Hicks - 15:08
The Secret - 22:32
Present Day - 30:15
Conclusion/Credits - 35:08

ğŸ."
12,The Law Of Attraction: Fact Or Fiction?,0:27:02,https://www.youtube.com/watch?v=OHz4slbIRyE,2020-12-20,"â–º Join the Trends Community today. Get your first seven days for just ONE dollar. Go to https://Trends.co/jamesjani to get started.

In this first part of our investigation into the Law of Attraction and the philosophy behind the popular film, â€œThe Secretâ€ (written by Rhonda Byrne) we explore the beliefs behind this â€œLawâ€ and its potential flaws. 

â–º Part 2 of the series: https://youtu.be/yyktccr5apU

(Sources/Visuals - https://docdro.id/gHBDtKI)

******
â–º  Become a Patron for behind the scenes, Q&A's, and editing tutorials: https://www.patreon.com/jamesvj

ğŸ’»Where I began Learning How to Edit + Other Clases (Skillshare)
â–º https://skillshare.eqcm.net/Kr3Yn

ğŸ“¦ Download my Video Editing Templates:
â–º  https://www.jamesjani.com/shop/

ğŸ“¹ My Equipment:
â–ºhttps://bit.ly/2OfHCTO

ğŸ¶ Where I Get My Music:
â–ºEpidemic Sounds - https://www.epidemicsound.com/referral/5uqnji

ğŸ”§ Helpful tool for YouTubers (TubeBuddy):
â–º  https://www.tubebuddy.com/Jamesvj

ğŸ’¼ Job Opportunities: 
â–º https://jamesjani.notion.site/James-Jani-Hiring-Hub-b669861daa0b4b3bbe60b6515aab418b

***
ğ—Ÿğ—˜ğ—§'ğ—¦ ğ—–ğ—¢ğ—¡ğ—¡ğ—˜ğ—–ğ—§:
ğŸ“¸ IG: james.v.j // https://bit.ly/2TOaBBC
ğŸ¦ Twitter: @jamesvjani // https://bit.ly/2zYPrsT



******
The Law of Attraction has been around for quite a while now, with roots that stem back into the 1800s, along with the rise of New Age Spirituality. 

But with Rhonda Byrneâ€™s film, â€œThe Secretâ€ that was promoted extensively by Oprah Winfrey, the Law of Attraction has reached whole new heights of popularity. This in addition to the continuous popularity and sales of Napoleon Hillâ€™s â€œThink and Grow Richâ€, have created a large following of believers in the Law of Attraction and the idea that our thoughts and feelings are able to quite literally change the reality we are living in.  

Which begs the questionâ€¦ does the law of attraction work? Can I truly manifest the life I want? 

In the first part of this two-part series Iâ€™ll be taking a look into the actual philosophy behind the Law of Attraction, the supposed â€œscienceâ€ behind this belief, and potential explanations for why it can sometimes seem like our thoughts and feelings are able to change our reality. 

In the second part of this two-part series, Iâ€™ll be taking a look at the New Age Spirituality industry, the gurus, and where the money flows. Because make no mistake: this is no small business. Individuals like Rhonda Byrne, Esther Hicks, Napoleon Hill, have made millions from promoting this ideology. But how trustworthy are these people, and is there a darker truth behind these seemingly innocent, â€œoptimisticâ€ individuals?



******
All materials in these videos are used for educational purposes and fall within the guidelines of fair use. No copyright infringement is intended. If you are or represent the copyright owner of materials used in this video and have a problem with the use of said material, please contact me via my email in the ""about"" page on my channel.


AFFILIATE DISCLOSURE: there may be a few links in this description that, at no cost to you, will earn me a commission if you choose to click them and make a purchase ğŸ™‚
Donâ€™t worry â€“ I only ever promote things that have genuinely helped me.

******
Prologue - 00:00
Trends.co - 1:26
Prelude  - 2:36
The ""Law"" - 3:00
Pseudoscience - 6:30
Untouchable Belief - 12:00
Toxic Beliefs - 19:05
Conclusion/Credits - 25:00

ğŸ."
13,Escaping the Rat Race: What School Failed to Teach You About Money.,0:17:39,https://www.youtube.com/watch?v=9RJpIqD8MGg,2020-11-15,"Escaping the rat race isnâ€™t about quitting a 9-5 job. Itâ€™s about avoiding the â€œMoney Trapâ€. A race to the next paycheck, or material possession. 

In this video we take a look at what the rat race truly is, ways in which personal finance can help, as well as understanding the relationship between consumption and production. A relationship that can help you save money, but also scale your income. 

(Sources/Visuals - https://docdro.id/HonrUyq)

******
â–º  Become a Patron for behind the scenes, Q&A's, and editing tutorials: https://www.patreon.com/jamesvj

ğŸ’»Where I began Learning How to Edit + Other Clases (Skillshare)
â–º https://skillshare.eqcm.net/Kr3Yn

ğŸ“¦ Download my Video Editing Templates:
â–º  https://www.jamesjani.com/shop/

ğŸ“¹ My Equipment:
â–ºhttps://bit.ly/2OfHCTO

ğŸ¶ Where I Get My Music:
â–ºEpidemic Sounds - https://www.epidemicsound.com/referral/5uqnji
â–º Artlist - https://artlist.io/artlist-70446/?artlist_aid=jjani_2322&utm_source=affiliate_p&utm_medium=jjani_2322&utm_campaign=jjani_2322

Stock footage & SFX:
â–º https://motionarray.com/?artlist_aid=jjani_2322&utm_source=affiliate_p&utm_medium=jjani_2322&utm_campaign=jjani_2322

ğŸ”§ Helpful tool for YouTubers (TubeBuddy):
â–º  https://www.tubebuddy.com/Jamesvj

ğŸ’¼ Job Opportunities: 
â–º https://jamesjani.notion.site/James-Jani-Hiring-Hub-b669861daa0b4b3bbe60b6515aab418b


***
ğ—Ÿğ—˜ğ—§'ğ—¦ ğ—–ğ—¢ğ—¡ğ—¡ğ—˜ğ—–ğ—§:
ğŸ“¸ IG: james.v.j // https://bit.ly/2TOaBBC
ğŸ¦ Twitter: @jamesvjani // https://bit.ly/2zYPrsT

******
The Rat Race seems to be conflated with working a 9-5 job. Itâ€™s often used to guilt those who have a disliking towards their jobs into purchasing a course, program, or something of that nature. 

A real rat race isnâ€™t about working a 9-5 job, itâ€™s about living on a financial edge. Such that your greater life goals and ambitions are placed in the background as you continue chasing the next paycheck, or material possession. 

Our relationship seems with money is often as follows: it enters our life, and it leaves. Sometimes this is expressed as your income and expenses, but I think a better way of framing this is your production vs your consumption. 

For most of us, we have an issue with consumption. And when fixing this, it may be best to first draw an awareness to yourself as a consumer. Using a budget and tracking your expense is the best way of starting. A common strategy in personal finance is building an â€œemergency fundâ€, a fund that holds 3 â€“ 6 monthsâ€™ worth of expenses â€“ enough so that if an emergency were to ever occur, you wouldnâ€™t have a problem financially supporting yourself through such an occasion. 

Production is then about increasing the amount of value you can bring to a society. In my video the Untold Truth About Money I mentioned that people are paid in proportion to their perceived value in the marketplace, and one of the best ways of increasing your perceived value is by solving a problem in the market, then selling this solution through a business at scale. This is the entrepreneurial route. And whilst most of us will be able to produce value into the market by selling our labour in the form of a 9-5 job, this doesnâ€™t mean our ability to produce stops there. 

YouTube channels like Graham Stephan, or Dave Ramsey are great for learning about personal finance, and reducing your expenses. But these people donâ€™t rely on cutting coupons/living frugally to be making millions. They are utilising a means of production at mass scale. Graham Stephan uses YouTube as a vehicle to produce finance videos at mass scale. 

Attempt to identify ways in which you can produce value to the market. For example, I utilised my skills in acting, storytelling, video editing, and presenting, to create videos like the one on my channel. I saw YouTube as a vehicle to be able to produce value to the market at scale. 


******
All materials in these videos are used for educational purposes and fall within the guidelines of fair use. No copyright infringement is intended. If you are or represent the copyright owner of materials used in this video and have a problem with the use of said material, please contact me via my email in the ""about"" page on my channel.


AFFILIATE DISCLOSURE: there may be a few links in this description that, at no cost to you, will earn me a commission if you choose to click them and make a purchase ğŸ™‚
Donâ€™t worry â€“ I only ever promote things that have genuinely helped me.


******
Prologue - 00:00
Part 1: What is Money? - 02:06
Part 2: Production vs Consumption  - 4:00
Part 3: The Money Trap - 5:50
Part 4: Production - 11:08 
Conclusion/Credits - 15:40"
14,"The Multilevel Marketing Cults: Lies, Pyramid Schemes, and the Pursuit of Financial Freedom.",0:29:40,https://www.youtube.com/watch?v=He1bgJ0sqtw,2020-08-16,"â–º ğŸ’»2 Free Weeks of Skillshare Premium: https://skillshare.eqcm.net/Kr3Yn

Multi Level Marketing (MLM) companies have been around for a long while now. Yet their controversy seems endless, with accusations of being pyramid schemes, or operating in a cult like fashionâ€¦ 

Itâ€™s time we dive into the MLM industry and find out exactly what is going onâ€¦ 

******
â–º  Become a Patron for behind the scenes, Q&A's, and editing tutorials: https://www.patreon.com/jamesvj

ğŸ’»Where I began Learning How to Edit + Other Clases (Skillshare)
â–º https://skillshare.eqcm.net/Kr3Yn

ğŸ“¦ Download my Video Editing Templates:
â–º  https://www.jamesjani.com/shop/

ğŸ“¹ My Equipment:
â–ºhttps://bit.ly/2OfHCTO

ğŸ¶ Where I Get My Music:
â–ºEpidemic Sounds - https://www.epidemicsound.com/referral/5uqnji

ğŸ”§ Helpful tool for YouTubers (TubeBuddy):
â–º  https://www.tubebuddy.com/Jamesvj

ğŸ’¼ Job Opportunities: 
â–º https://jamesjani.notion.site/James-Jani-Hiring-Hub-b669861daa0b4b3bbe60b6515aab418b


***
ğ—Ÿğ—˜ğ—§'ğ—¦ ğ—–ğ—¢ğ—¡ğ—¡ğ—˜ğ—–ğ—§:
ğŸ“¸ IG: james.v.j // https://bit.ly/2TOaBBC
ğŸ¦ Twitter: @jamesvjani // https://bit.ly/2zYPrsT



******
ğ’ğ¨ğ®ğ«ğœğğ¬/ğ‚ğ¥ğ¢ğ©ğ¬ ğ”ğ¬ğğ:
â–ºWHY I QUIT THE MLM INDUSTRY AT THE TOP | ANTI-MLM HORROR STORY
https://bit.ly/2YHkt1T

â–ºThe MLM ""Girl Boss"" Narrative is a Lie
https://bit.ly/3jjSz3H

â–ºWhy Women Are Quitting Their Side Hustle: Leaving LuLaRoe
https://bit.ly/3lmXSkM

â–ºMultilevel Marketing: Last Week Tonight with John Oliver (HBO)
https://bit.ly/3je16Fk

******
ğŸ“¹ğ— ğ˜† ğ—˜ğ—¾ğ˜‚ğ—¶ğ—½ğ—ºğ—²ğ—»ğ˜: https://bit.ly/2OfHCTO

ğŸ“š ğŒğ¨ğ¬ğ­ ğˆğ§ğŸğ¥ğ®ğğ§ğ­ğ¢ğšğ¥ ğğ¨ğ¨ğ¤ğ¬ ğˆ ğ‡ğšğ¯ğ ğ‘ğğšğ: https://bit.ly/33pDvw7

ğŸ¶ ğŒğ®ğ¬ğ¢ğœ ğ”ğ¬ğğ: 
Epidemic Sounds - https://bit.ly/2SblgUB 
Artlist - https://bit.ly/2IzPbVo 
Outro: My My Snake Eyes (Feat. Malena Stark) - The Darkness Of The Light



******
These companies follow a Multi-Level Marketing model, that means they often do not sell their products/services via retailers, but through a workforce of people sometimes called their â€œdistributorsâ€. This strategy is also often labelled as Network Marketing. 

Examples of these companies are: Herbalife, Amway, ACN, Younique, LuLaRoe, Arbonne, Beachbody, doTerra, Mary Kay, Nu Skin, etc. 

Although it seems ordinary on the surface, many of these companies have received a great amount of backlash, with entire communities built to oppose these companies (often labelled as the anti-mlm community). 

The question here is: why the backlash? 

In this video we dive into the industry and the reasoning behind the backlash, as well as the shady practices some MLM companies use in order to keep their distributors inside the company. 

Some of these practices include the selling of a â€œdreamâ€ and promises of high returns, wealth, residual income, or â€œfinancial freedomâ€ if they join, whilst simultaneously promoting many self-help concepts. 

We also take a look at what exactly a Pyramid Scheme is, how to spot one, and whether the accusations against network marketing companies are deserved. 

The pursuit of wealth and financial freedom can often be consuming â€“ the question is who out there is choosing to exploit these desiresâ€¦ 


******
ğŸ™ Special thanks to everyone who agreed to be interviewed and helped me out for my research on this video. 

Also big thank you to @rubensalsaa (on Instagram) for helping me sort through my research and the countless clips! 

******
All materials in these videos are used for educational purposes and fall within the guidelines of fair use. No copyright infringement is intended. If you are or represent the copyright owner of materials used in this video and have a problem with the use of said material, please contact me via my email in the ""about"" page on my channel.

SPONSORSHIP DISCLOSURE: This video was sponsored by Skillshare. 

AFFILIATE DISCLOSURE: there may be a few links in this description that, at no cost to you, will earn me a commission if you choose to click them and make a purchase ğŸ™‚
Donâ€™t worry â€“ I only ever promote things that have genuinely helped me.

Copyright Â© James Jani 2020


******
Prologue - 00:00
Part 1: The Pitch - 03:17
Part 2: The Opportunity  - 6:20
Ad Break - 14:06
Part 3: The Industry - 15:49
Part 4: Pyramid Schemes & Cults - 18:36
Part 5: Unravelling the Truth - 22:37
End/Bloopers - 27:47"
15,"The Rebranding of Tyler1: Rage, Redemption, and Reformation.",0:45:24,https://www.youtube.com/watch?v=4bkk8oG9HRA,2020-07-05,"Rage. Reformation. Redemption. 

The Rebranding of Tyler1 follows the story of Tyler1 and how he created an entire brand off the back of his own toxic behaviour, only to turn it all around in a series of surreal, and captivating events. 

******
â–º  Become a Patron for behind the scenes, Q&A's, and editing tutorials: https://www.patreon.com/jamesvj

ğŸ’»Where I began Learning How to Edit + Other Clases (Skillshare)
â–º https://skillshare.eqcm.net/Kr3Yn

ğŸ“¦ Download my Video Editing Templates:
â–º  https://www.jamesjani.com/shop/

ğŸ“¹ My Equipment:
â–ºhttps://bit.ly/2OfHCTO

ğŸ¶ Where I Get My Music:
â–ºEpidemic Sounds - https://www.epidemicsound.com/referral/5uqnji

ğŸ”§ Helpful tool for YouTubers (TubeBuddy):
â–º  https://www.tubebuddy.com/Jamesvj

ğŸ’¼ Job Opportunities: 
â–º https://jamesjani.notion.site/James-Jani-Hiring-Hub-b669861daa0b4b3bbe60b6515aab418b


***
ğ—Ÿğ—˜ğ—§'ğ—¦ ğ—–ğ—¢ğ—¡ğ—¡ğ—˜ğ—–ğ—§:
ğŸ“¸ IG: james.v.j // https://bit.ly/2TOaBBC
ğŸ¦ Twitter: @jamesvjani // https://bit.ly/2zYPrsT


Special thanks to mallory@durrickdesigns.com for helping me with the thumbnail design!



******
Tyler1 is known today as a popular streamer on the Twitch platform, and a player of the popular online video game League of Legends (created by the company Riot Games). 

Others may know him from the various ""rage compilation"" and ""meme compilation"" videos of him spread out across YouTube and other platforms that have garnered millions of views. 

But before Tyler1's brand became as established as it is today, and before Tyler1 was known for his entertainment, he was initially classed as ""the most toxic League of Legends player in North America"". People only recognised Tyler for his toxic behaviour in the League of Legends community.

Tyler1's story was something quite surreal to have witnessed, especially for those who had first seen his rise to fame initially through Disco Heat's video on Tyler1.

Disco Heat's video had propelled Tyler1's audience into the thousands. It also highlighted his toxic behaviour in the game, and spawned copycats that would mimic Tyler1's attitude and behaviour whilst playing League of Legends.  

What ensued afterwards was a rare ""indefinite ban"" punishment by Riot Games, and a battle between Tyler1 as a brand and Riot Games as a company. 

This brought Tyler1's brand to a standstill and an all important realisation: that if Tyler1 was to maintain his audience and streaming career, he would have to be known for something other than his toxic behaviour. He would have to create a ""redemption arc"" for his brand, and eclipse the negative associations of his current brand. 

What followed was a series of entertaining and special events throughout Tyler1's streaming career that allowed him to craft memorable moments that would define his brand amongst the streaming community of Twitch. 

Tyler1â€™s story and journey as a brand displayed how a personal brand is built on a personsâ€™ experience of you. Change their experience and you change the brand. It isnâ€™t about the followers, nor is it about exposure. Your brand is built from the moment you interact with someone else.



******
All materials in these videos are used for educational purposes and fall within the guidelines of fair use. No copyright infringement is intended. If you are or represent the copyright owner of materials used in this video and have a problem with the use of said material, please contact me via my email in the ""about"" page on my channel.

AFFILIATE DISCLOSURE: there may be a few links in this description that, at no cost to you, will earn me a commission if you choose to click them and make a purchase ğŸ™‚
Donâ€™t worry â€“ I only ever promote things that I believe in.

Copyright Â© James Jani 2020


******
Prologue - 00:00
Chapter 1: First Impressions - 02:46
Chapter 2: Infamy - 08:25
Chapter 3: The Indefinite Ban - 14:45
Chapter 4: Reformation - 21:10
Chapter 5: Entertainer at Heart - 25:51
Chapter 6: Free Tyler1 - 31:05
Chapter 7: Redemption - 38:32
Conclusion - 42:20
Credits & Bloopers - 44:16"
16,The Untold Truth About Money: How to Build Wealth From Nothing.,0:17:26,https://www.youtube.com/watch?v=6mRbDEtDoyA,2020-04-16,"There is an untold truth about money â€“ an actual equation that allows you to build wealth from nothing.

Itâ€™s an equation that is hardly taught in schools if at all, and is often overlooked by those who are trying to get rich, or achieve their dreams of â€œfinancial freedomâ€. 

In this video, weâ€™ll take a look at exactly what that equation is. 


******
â–º  Become a Patron for behind the scenes, Q&A's, and editing tutorials: https://www.patreon.com/jamesvj

ğŸ’»Where I began Learning How to Edit + Other Clases (Skillshare)
â–º https://skillshare.eqcm.net/Kr3Yn

ğŸ“¦ Download my Video Editing Templates:
â–º  https://www.jamesjani.com/shop/

ğŸ“¹ My Equipment:
â–ºhttps://bit.ly/2OfHCTO

ğŸ¶ Where I Get My Music:
â–º Intro Music: ""Discovery"" by Scott Buckley - released under CC-BY 4.0. www.scottbuckley.com.au
â–ºEpidemic Sounds - https://www.epidemicsound.com/referral/5uqnji
â–º Artlist - https://artlist.io/artlist-70446/?artlist_aid=jjani_2322&utm_source=affiliate_p&utm_medium=jjani_2322&utm_campaign=jjani_2322

Stock footage & SFX:
â–º https://motionarray.com/?artlist_aid=jjani_2322&utm_source=affiliate_p&utm_medium=jjani_2322&utm_campaign=jjani_2322

ğŸ”§ Helpful tool for YouTubers (TubeBuddy):
â–º  https://www.tubebuddy.com/Jamesvj

ğŸ’¼ Job Opportunities: 
â–º https://jamesjani.notion.site/James-Jani-Hiring-Hub-b669861daa0b4b3bbe60b6515aab418b

***
ğ—Ÿğ—˜ğ—§'ğ—¦ ğ—–ğ—¢ğ—¡ğ—¡ğ—˜ğ—–ğ—§:
ğŸ“¸ IG: james.v.j // https://bit.ly/2TOaBBC
ğŸ¦ Twitter: @jamesvjani // https://bit.ly/2zYPrsT



******
DISCLAIMER: 
This video was heavily inspired by the works of MJ Demarco, author of â€œThe Millionaire Fastlaneâ€, and â€œUnscriptedâ€, as well as my own opinions and observations on how society functions on a monetary level. Of course, the subjects of money, and entrepreneurship are far too vast to cover in a single YouTube video, so I have tried to condense this information as best as I can. Enjoy ğŸ˜Š

******
All materials in these videos are used for educational purposes and fall within the guidelines of fair use. No copyright infringement is intended. If you are or represent the copyright owner of materials used in this video and have a problem with the use of said material, please contact me via my email in the ""about"" page on my channel.

AFFILIATE DISCLOSURE: there may be a few links in this description that, at no cost to you, will earn me a commission if you choose to click them and make a purchase ğŸ™‚
Donâ€™t worry â€“ I only ever promote things that have genuinely helped me.

Copyright Â© James Jani 2020

Prologue - 00:00
Part 1: The Lies You've Been Fed - 03:20
Part 2: The Truth About Money & Wealth - 06:25
Part 3: A Problem Worth Solving - 09:37
Part 4: The Reward  - 11:32 
Part 5: Your Money or Your Life - 12:40
Conclusion - 15:03"
17,"The Toxic World of Self Help: Hustle Culture, Toxic Positivity, Addiction, and Fake Gurus.",0:18:50,https://www.youtube.com/watch?v=dmLTLkCBSN8,2020-03-30,"The toxic world of self help: a world surrounded by toxic positivity, self help addiction, fake gurus, and hustle culture. 

Itâ€™s the side of â€˜self-developmentâ€™ that is often overlooked by those on the outside, and even those who are avid consumers of the industry.

In this video we take a dive into the dark side of self-help, and the traps that may lie in wait for those who enter this world.

******
â–º  Become a Patron for behind the scenes, Q&A's, and editing tutorials: https://www.patreon.com/jamesvj

ğŸ’»Where I began Learning How to Edit + Other Clases (Skillshare)
â–º https://skillshare.eqcm.net/Kr3Yn

ğŸ“¦ Download my Video Editing Templates:
â–º  https://www.jamesjani.com/shop/

ğŸ“¹ My Equipment:
â–ºhttps://bit.ly/2OfHCTO

ğŸ¶ Where I Get My Music:
â–ºEpidemic Sounds - https://www.epidemicsound.com/referral/5uqnji

ğŸ”§ Helpful tool for YouTubers (TubeBuddy):
â–º  https://www.tubebuddy.com/Jamesvj

ğŸ’¼ Job Opportunities: 
â–º https://jamesjani.notion.site/James-Jani-Hiring-Hub-b669861daa0b4b3bbe60b6515aab418b

***
ğ—Ÿğ—˜ğ—§'ğ—¦ ğ—–ğ—¢ğ—¡ğ—¡ğ—˜ğ—–ğ—§:
ğŸ“¸ IG: james.v.j // https://bit.ly/2TOaBBC
ğŸ¦ Twitter: @jamesvjani // https://bit.ly/2zYPrsT


******
All materials in these videos are used for educational purposes and fall within the guidelines of fair use. No copyright infringement is intended. If you are or represent the copyright owner of materials used in this video and have a problem with the use of said material, please contact me via my email in the ""about"" page on my channel.

AFFILIATE DISCLOSURE: there may be a few links in this description that, at no cost to you, will earn me a commission if you choose to click them and make a purchase ğŸ™‚
Donâ€™t worry â€“ I only ever promote things that have genuinely helped me.

Copyright Â© James Jani 2020

Prologue - 00:00
Part 1: Where it Begins - 02:13
Part 2: Addiction - 04:26
Part 3: The Sinister Business of Selling Hope - 07:39
Part 4: Toxic Positivity  - 10:41
Part 5: Hustle Culture - 13:30
Conclusion - 16:36"
18,Data Brokers: The Dark Industry of Selling Your Identity for Profit.,0:13:46,https://www.youtube.com/watch?v=uZ2l-kk5ihk,2020-03-16,"Data Brokersâ€¦ a dark industry based on selling your identity for profit that is currently worth billions. 

When people say â€œdata is the new oilâ€ thereâ€™s no other industry that better illustrates this than the world of data brokers. 

In this video weâ€™ll take a look at exactly how data brokers are taking your personal information and selling it off for a hefty profitâ€¦ all behind your back.


******
â–º  Become a Patron for behind the scenes, Q&A's, and editing tutorials: https://www.patreon.com/jamesvj

ğŸ’»Where I began Learning How to Edit + Other Clases (Skillshare)
â–º https://skillshare.eqcm.net/Kr3Yn

ğŸ“¦ Download my Video Editing Templates:
â–º  https://www.jamesjani.com/shop/

ğŸ“¹ My Equipment:
â–ºhttps://bit.ly/2OfHCTO

ğŸ¶ Where I Get My Music:
â–ºEpidemic Sounds - https://www.epidemicsound.com/referral/5uqnji

ğŸ”§ Helpful tool for YouTubers (TubeBuddy):
â–º  https://www.tubebuddy.com/Jamesvj

ğŸ’¼ Job Opportunities: 
â–º https://jamesjani.notion.site/James-Jani-Hiring-Hub-b669861daa0b4b3bbe60b6515aab418b

***
ğ—Ÿğ—˜ğ—§'ğ—¦ ğ—–ğ—¢ğ—¡ğ—¡ğ—˜ğ—–ğ—§:
ğŸ“¸ IG: james.v.j // https://bit.ly/2TOaBBC
ğŸ¦ Twitter: @jamesvjani // https://bit.ly/2zYPrsT

******

YOUR DATA 
Your name, your age, your height, your weight, where you live, where you work, your family, your friends, your likes, your dislikes, your phone number, your email, your health conditions, your buying habits, your credit score, your political beliefs, your religious beliefs, who you textâ€¦ 

These are all examples of â€˜data pointsâ€™. And these pieces of data are very valuable things.

WHERE IS PERSONAL DATA SOURCED?
In order to source this information, begin by scraping data from public records. Things like: social media pages, property records, court records, birth certificates, voter registration information, bankruptcy records. 

Then go ahead and purchase data from OTHER companies. Thatâ€™s right: other companies that have your data can make an extra stream of revenue for themselves by selling the information they have on their customers. 

Create â€œfreeâ€ websites and services, that collect data from your users. Put â€˜trackersâ€™ on these websites/services that detect a userâ€™s location, their contact list, their photos, etc. 

CREATING PROFILES FROM OUR DATA
Finally, once weâ€™ve gathered all this data, we can begin to create â€˜profilesâ€™ of individuals. This can detail an individualâ€™s behaviour/personality when it comes to their buying habits, their likes/dislikes, their political affiliations, their health concerns, etc. 

Once we have created these profilesâ€¦ itâ€™s time to sell! 

SELLING THE DATA
You can sell this information toâ€¦ pretty much whoever wants it. 

The most common customers that data brokers have at the moment are marketing companies. If a gym had a list of individuals who were interested in getting fit, that would be a very valuable audience for them to target with their advertisements. 

But you can also sell this data to health insurance companies, banks, â€˜people searchâ€™ websites, governments, and other data brokers. 

THE DILEMMA
Although it sounds quite sinister, this industry does pose a dilemma: if a many of the free websites and apps that you use require your data in order to stay profitable â€“ is it really such a problem? If itâ€™s just being used for marketing purposes, is there a big consequence to that? 

This is a current argument that is going on in the industry at the moment, and itâ€™s one that I have struggled with getting to grips with as well. One thing that I do believe strongly is that the way in which your data is managed should be regulated fare more than it currently is. 

******
All materials in these videos are used for educational purposes and fall within the guidelines of fair use. No copyright infringement is intended. If you are or represent the copyright owner of materials used in this video and have a problem with the use of said material, please contact me via my email in the ""about"" page on my channel.

AFFILIATE DISCLOSURE: there may be a few links in this description that, at no cost to you, will earn me a commission if you choose to click them and make a purchase ğŸ™‚
Donâ€™t worry â€“ I only ever promote things that have genuinely helped me.

Copyright Â© James Jani 2020"
19,The INSANE Story of Instagram | How Kevin Systrom & Mike Krieger Built A BILLION DOLLAR Company.,0:15:43,https://www.youtube.com/watch?v=bglIiiGj8Bs,2020-02-17,"The story of Instagram is one of my favorite examples of lean startup principles in action... 

Imagine you created a company, and in 3 years you sold it for 1 BILLION dollars. 

That's the story of Instagram - and in this video we take a look at how ONE decision led Kevin Systrom and Mike Krieger to create the company that we all know today as Instagram.

******
â–º  Become a Patron for behind the scenes, Q&A's, and editing tutorials: https://www.patreon.com/jamesvj

ğŸ’»Where I began Learning How to Edit + Other Clases (Skillshare)
â–º https://skillshare.eqcm.net/Kr3Yn

ğŸ“¦ Download my Video Editing Templates:
â–º  https://www.jamesjani.com/shop/

ğŸ“¹ My Equipment:
â–ºhttps://bit.ly/2OfHCTO

ğŸ¶ Where I Get My Music:
â–ºEpidemic Sounds - https://www.epidemicsound.com/referral/5uqnji

ğŸ”§ Helpful tool for YouTubers (TubeBuddy):
â–º  https://www.tubebuddy.com/Jamesvj

ğŸ’¼ Job Opportunities: 
â–º https://jamesjani.notion.site/James-Jani-Hiring-Hub-b669861daa0b4b3bbe60b6515aab418b


***
ğ—Ÿğ—˜ğ—§'ğ—¦ ğ—–ğ—¢ğ—¡ğ—¡ğ—˜ğ—–ğ—§:
ğŸ“¸ IG: james.v.j // https://bit.ly/2TOaBBC
ğŸ¦ Twitter: @jamesvjani // https://bit.ly/2zYPrsT


******

This is one of those rare startup stories that can be quite motivational to some entrepreneurs out there. But most importantly, there is one huge lesson that can be taken away from the insane story of Instagram:

KEVIN SYSTROM.
Kevin Systrom (one of the founders who created Instagram) was born on the 30th December 1983. As a child he worked at a vinyl record store, and was a big fan of the game Doom II (he was also an avid book reader, and still is to this day!). From Doom 2, Kevin found a love for computer programming. 

During his time at Stanford, he briefly met with Mike Krieger where they spoke about his experience on the Mayfield Fellows Program. Whilst on the program Kevin had worked at a tech company called Odeo, a company that later went on to become Twitter. You can find a lot of this information scattered throughout Kevin Systrom and Mike Krieger interviews.

A MEETING WITH MIKE KRIEGER.
After finishing college and working for a few years at several companies, Kevin has a meeting with Mike Krieger (who was also in the area) at a cafÃ©. In that cafÃ© they discuss the ideas for creating their first ever app. But it wasnâ€™t Instagramâ€¦

BURBN.
Burbn was a check-in app, much like Foursquare. This was the original idea that Kevin and Mike came up with before creating Instagram. 
Burbn received a large sum of capital from investors like Steve Anderson, and the venture capitalist company called Andreessen Horowitz. In total Kevin Systrom and Mike Kreiger had raised half a million dollars towards Burbn. But no matter how much investors throw at your company, it wonâ€™t change the fact that the market may still not like your product or service.
The sad truth was that Burbn was not getting much attraction. Mike and Kevin recognised this and realised they needed to change ideas.

THE PIVOT.
The Lean Startup by Eric Reiss popularised the term â€˜pivotingâ€™ for startups, and this is exactly what Mike & Kevin did with Burbn. They realised that most of their customers were interested in the photo sharing aspects of their app, and had little to no interest in the check in features. So they stripped away all of that stuff, and created an app that was all about photo sharing â€“ some may have called this their minimum viable product (another popularised startup term from Eric Reissâ€™ The Lean Startup).

INSTAGRAM.
Kevin Systrom also went on a vacation around this time with his (now) wife Nicole Systrom. On that vacation Nicole told him that she would likely not use the app because she didnâ€™t think she could take good enough photos. Kevin saw that she was trying to compare her own photo-taking abilities to her friends who would use filters on their photos. Kevin identified a problem immediately, and created the first ever filter on Instagram the X Pro II. 
You can still find the first ever photo on Instagram to this day on Kevin Systromâ€™s official Instagram account. 

SELLING FOR ONE BILLION.
Instagram was sold to Facebook for 1 billion dollars. The company is now valued at around 100 billion, and it can be argued that Kevin and Mikeâ€™s decision to sell Instagram was a clever one at the end of the day, allowing their company to grow at the hands of Mark Zuckerberg. 


******
All materials in these videos are used for educational purposes and fall within the guidelines of fair use. No copyright infringement is intended. If you are or represent the copyright owner of materials used in this video and have a problem with the use of said material, please contact me via my email in the ""about"" page on my channel.

AFFILIATE DISCLOSURE: there may be a few links in this description that, at no cost to you, will earn me a commission if you choose to click them and make a purchase ğŸ™‚
Donâ€™t worry â€“ I only ever promote things that have genuinely helped me.


Copyright Â© James Jani 2020"
20,How to Profit from a Recession: A Guide to Investing During an Economic Collapse.,0:14:57,https://www.youtube.com/watch?v=mRHBrJziE-Y,2020-03-02,"Ever wondered how to profit from a recession? This video is a guide to investing during an economic collapse. And here's a tip: the younger you are, the more you're going to want to pay attention.

More and more headlines are declaring a recession is due in 2020. But what even causes a recesssion? And if a recession was so bad, why would someone like Warren Buffet say he ""hopes to see more recessions""? And more importantly: what can YOU do during a recession to come out on top?

******
â–º  Become a Patron for behind the scenes, Q&A's, and editing tutorials: https://www.patreon.com/jamesvj

ğŸ’»Where I began Learning How to Edit + Other Clases (Skillshare)
â–º https://skillshare.eqcm.net/Kr3Yn

ğŸ“¦ Download my Video Editing Templates:
â–º  https://www.jamesjani.com/shop/

ğŸ“¹ My Equipment:
â–ºhttps://bit.ly/2OfHCTO

ğŸ¶ Where I Get My Music:
â–ºEpidemic Sounds - https://www.epidemicsound.com/referral/5uqnji

ğŸ”§ Helpful tool for YouTubers (TubeBuddy):
â–º  https://www.tubebuddy.com/Jamesvj

ğŸ’¼ Job Opportunities: 
â–º https://jamesjani.notion.site/James-Jani-Hiring-Hub-b669861daa0b4b3bbe60b6515aab418b

***
ğ—Ÿğ—˜ğ—§'ğ—¦ ğ—–ğ—¢ğ—¡ğ—¡ğ—˜ğ—–ğ—§:
ğŸ“¸ IG: james.v.j // https://bit.ly/2TOaBBC
ğŸ¦ Twitter: @jamesvjani // https://bit.ly/2zYPrsT



******

RULES OF A RECESSION.
A country is often described to be in a 'recession' when its GDP has been declining for 6 months in a row (although sometimes this definition varies depending on who you ask). 
With that being said, there are some important rules to keep in mind if you want to profit from a recession. The first rule being: nobody can time the market. No matter what, nobody knows WHEN is the next recession. 

But once a recession does hit, itâ€™s important to not panic and start selling all your assets, because one thing is for sure: the market will always bounce back. But since the market is always shrinking and expanding, that also means that the market will always eventually crash. 

HOW TO PREPARE FOR A RECESSIONâ€¦
Preparing for a recession is perhaps the most important part of this whole game. Itâ€™s very important that you start to save up money, build capital, avoid debt, and build a healthy credit score. You want to make sure that you have all the resources ready to make the most from that economic collapse. Thereâ€™s nothing worse than seeing so many opportunities in-front of you, but no ways to take advantage of them.

WHAT HAPPENS DURING A MARKET CRASH?
When an economies market crashes (for whatever reason) one can expect an increase in unemployment levels, business bankruptcy, and three very important things to rise: death, divorce, defaults. 

HOW TO INVEST DURING A RECESSION?
When the market crashes, people become desperate to sell their assets like shares, and real estate. And the more motivated someone is to sell something, the likelier they are to sell it for cheaper. 

Thatâ€™s where you come in. 

If youâ€™ve prepared for the recession properly, then you should have a good amount of capital saved up and ready to invest back into the economy. Why invest back into the economy? Remember: the market will always bounce back. And everything is on a discount during a recession. That means you get to buy assets for way below market value, and then sell those very assets once the market bounces right back up â€“ which it always will.

******
All materials in these videos are used for educational purposes and fall within the guidelines of fair use. No copyright infringement is intended. If you are or represent the copyright owner of materials used in this video and have a problem with the use of said material, please contact me via my email in the ""about"" page on my channel.

AFFILIATE DISCLOSURE: there may be a few links in this description that, at no cost to you, will earn me a commission if you choose to click them and make a purchase ğŸ™‚
Donâ€™t worry â€“ I only ever promote things that have genuinely helped me.

Copyright Â© James Jani 2020"
21,The Rise of Fake Gurus: The Dark Truth Behind Making MILLIONS from Online Courses.,0:21:37,https://www.youtube.com/watch?v=L9Gpr7PEnbs,2020-02-03,"You've seen them everywhere. 

On the 3rd of September 2015, Tai Lopez released his infamous â€˜Here in My Garageâ€™ Youtube Ad.

This single Ad created a wave of what some have described as fake gurus, selling you their courses and mastermind programs like no tomorrow with promises of â€˜financial freedomâ€™, â€˜a laptop lifestyleâ€™, and the possibility to â€˜travel around the worldâ€™. Sounds great, right? 

In this video I break down the business model of how to make millions from online courses using the methods that these fake gurus use, and expose the dark truth behind this rapidly growing industry.

DISCLAIMER: Look, I think online courses are brilliant. They helped me edit this video, learn about marketing, personal finance etc. But none of these courses promised me â€˜financial freedomâ€™, or a â€˜laptop lifestyle'. These courses had set a clear expectation, and I received a clear result.

******
â–º  Become a Patron for behind the scenes, Q&A's, and editing tutorials: https://www.patreon.com/jamesvj

ğŸ’»Where I began Learning How to Edit + Other Clases (Skillshare)
â–º https://skillshare.eqcm.net/Kr3Yn

ğŸ“¦ Download my Video Editing Templates:
â–º  https://www.jamesjani.com/shop/

ğŸ“¹ My Equipment:
â–ºhttps://bit.ly/2OfHCTO

ğŸ¶ Where I Get My Music:
â–ºEpidemic Sounds - https://www.epidemicsound.com/referral/5uqnji

ğŸ”§ Helpful tool for YouTubers (TubeBuddy):
â–º  https://www.tubebuddy.com/Jamesvj

ğŸ’¼ Job Opportunities: 
â–º https://jamesjani.notion.site/James-Jani-Hiring-Hub-b669861daa0b4b3bbe60b6515aab418b

***
ğ—Ÿğ—˜ğ—§'ğ—¦ ğ—–ğ—¢ğ—¡ğ—¡ğ—˜ğ—–ğ—§:
ğŸ“¸ IG: james.v.j // https://bit.ly/2TOaBBC
ğŸ¦ Twitter: @jamesvjani // https://bit.ly/2zYPrsT

******

Step 1 â€“ Pick Your Niche
This is where you get to choose the topic of your choice. Preferably itâ€™s a fad, and something that could be promoted under the categories of wealth, or health, or anything that allows you to target peopleâ€™s dreams.

Here are some of the most common niches used by a few well-known gurusâ€¦
Kevin David - Amazon FBA, Dropshipping.
Dan Lok â€“ Sales.
John Crestani â€“ Affiliate Marketing.
Iman Gadzhi â€“ Digital Marketing Agency (otherwise called an SMMA â€“ a term popularised by Tai Lopez). 
Sam Ovens â€“ Consulting. 
Samuel Leeds â€“ Real Estate Investing. 

Step 2 â€“ Create Your Course
Preferably you have some experience in your niche. In most cases the ideal route is to pick a niche, start a business in your niche and get a little success, then create your own online course â€“ because after all, thatâ€™s where the real money is made. 

If you donâ€™t have any expertise, you can always hire an outside expert to give you a helping hand.

You see, the course isnâ€™t what matters the most here, what matters the most is your online marketing for the course.

Step 3 â€“ Market Your Course
This is the most important part of this business model. Without marketing your online course properly, you wonâ€™t be able to make a lot of money from it.

Start by running some advertisements on Youtube, Instagram, Facebook etc, and begin by selling them a dream. Tell your audience that you were also broke and in debt, but after starting [insert niche here] you began making six figures, millions, travelling around the world, became financially free, have a laptop lifestyle, etcâ€¦ 

Tell them to join your free training â€“ where your main goal isnâ€™t to teach them anything, but to get them to ask more questions. Remind them of their dreams, remind them of your backstory, and finally go in for the hard sell where you create scarcity and a sense of urgency in order to get them to buy your ridiculously priced course RIGHT NOW.

Step 4 â€“ Profit.
With the right marketing, you should now be seeing some of that sweet, sweet profit fly in from your online courses. 

But why stop there? The real way to make millions from online courses is to create an entire ladder of products. You want to upsell your â€˜studentsâ€™ as much as possible. Get your â€˜studentsâ€™ hooked on your products.

You never tell them the truth: the reason youâ€™re so rich, is because of all the products youâ€™ve sold them. NOT because of your dropshipping or Amazon FBA business. 

BACKLASH AGAINST FAKE GURUS
Thankfully, there has been a rise in backlash against these so-called fake gurus. Thanks to channels like Coffeezilla (otherwise known as Coffee Break), Mike Winnet, and Spencer Cornelia to name a few. 

******
All materials in these videos are used for educational purposes and fall within the guidelines of fair use. No copyright infringement is intended. If you are or represent the copyright owner of materials used in this video and have a problem with the use of said material, please contact me via my email in the ""about"" page on my channel.

AFFILIATE DISCLOSURE: there may be a few links in this description that, at no cost to you, will earn me a commission if you choose to click them and make a purchase.
Donâ€™t worry â€“ I only ever promote things that have genuinely helped me! ğŸ™‚

Copyright Â© James Jani 2020"
22,Is University Worth it Anymore?,0:24:44,https://www.youtube.com/watch?v=Xg6CGNoynDI,2020-01-27,"Is university worth it, or is university a scam? 
How valuable is a degree, and what degree should I choose? 

These are very important questions you must ask yourself when deciding whether or not you should go to university. 

Iâ€™ve spoken to so many people about this topic and I break it all down in this video.

NOTE: this video is primarily for those in England, but some information I discuss applies to the US as well. 


******
â–º  Become a Patron for behind the scenes, Q&A's, and editing tutorials: https://www.patreon.com/jamesvj

ğŸ’»Where I began Learning How to Edit + Other Clases (Skillshare)
â–º https://skillshare.eqcm.net/Kr3Yn

ğŸ“¦ Download my Video Editing Templates:
â–º  https://www.jamesjani.com/shop/

ğŸ“¹ My Equipment:
â–ºhttps://bit.ly/2OfHCTO

ğŸ¶ Where I Get My Music:
â–ºEpidemic Sounds - https://www.epidemicsound.com/referral/5uqnji

ğŸ”§ Helpful tool for YouTubers (TubeBuddy):
â–º  https://www.tubebuddy.com/Jamesvj

ğŸ’¼ Job Opportunities: 
â–º https://jamesjani.notion.site/James-Jani-Hiring-Hub-b669861daa0b4b3bbe60b6515aab418b

***
ğ—Ÿğ—˜ğ—§'ğ—¦ ğ—–ğ—¢ğ—¡ğ—¡ğ—˜ğ—–ğ—§:
ğŸ“¸ IG: james.v.j // https://bit.ly/2TOaBBC
ğŸ¦ Twitter: @jamesvjani // https://bit.ly/2zYPrsT


******

ARE STUDENT LOANS WORTH IT?
I donâ€™t think student debt should be a major concern â€“ at least not if you are in England. Hereâ€™s how student loans work in England: you begin by choosing your repayment plan. Plans 1 & 2 will only have you paying 9% of your income that goes above the threshold (Â£25.72k) every month. The threshold is the amount of money you are expected to earn a year before you start paying back student loans. On an income of Â£40k you will only be repaying Â£1,285 a year. Itâ€™s not a lot, and it all gets written off after 30 years anyway. So whatâ€™s my biggest concern with going to universityâ€¦? 

WHAT DEGREE SHOULD I DO?
Choosing your degree is the most important factor in this debate. There are so many people that will choose a degree because of parental pressure, societal pressure, or pressure from their friends. They will choose a degree because it looked â€œfunâ€, or it seemed â€œinterestingâ€, but a lot of people do not ask themselves: what career do I want to get into? And even more importantly: do I need this degree to get into a career?

SHOULD YOU TAKE A GAP YEAR?
One of my biggest solutions to not knowing whether or not you should go to university, and what degree you should pick is taking a gap year. I know it works slightly different in the US, but in England you are given the choice to take a year off after sixth form (otherwise known as a â€œgap yearâ€). Take it.

WHAT SHOULD I DO IN A GAP YEAR?
A few of my recommendations are reading, getting a job, going to networking events, and travelling. Generally, you want to experiment and try different things. Itâ€™s important to see what you enjoy and are more inclined towards, which can aid you in making a decision on what career you want to get into. Once you know what career you would like to go down, check to see if you need a degree to start working in that field. If you donâ€™t, then it may be that going to university is not needed for you to get a job.

WHAT IS THE VALUE OF A DEGREE?
Grade inflation is a big problem that universities are tying to tackle. More than half of university students are leaving with a first, or a 2:1. To add to that, the student cap that once prevented universities from letting in as many students as they liked has now been removed. Removing the student cap has increased competition between universities, and now itâ€™s become a major competition to get as many students in as possible. 
This all becomes problematic when you look at how employable a degree makes you. The more graduates with top classifications there are, the less an employer can differentiate between who is truly the best, and who is not. My personal opinion is that a degree can get you a foot in the door for a job, but that is as far as it goes. The rest is up to how you perform in the interview.
I would even go as far as to say that some employers (depending on the career) prefer non-graduates, so that they are coming into the company with a â€˜clean slateâ€™ and can be moulded through the company and not already enter the job with preâ€”conceived ideas and notions on how that company may or may not function.


******
All materials in these videos are used for educational purposes and fall within the guidelines of fair use. No copyright infringement is intended. If you are or represent the copyright owner of materials used in this video and have a problem with the use of said material, please contact me via my email in the ""about"" page on my channel.

AFFILIATE DISCLOSURE: there may be a few links in this description that, at no cost to you, will earn me a commission if you choose to click them and make a purchase ğŸ™‚
Donâ€™t worry â€“ I only ever promote things that have genuinely helped me.

Copyright Â© James Jani 2020"
